<component name="ProjectRunConfigurationManager">
  <configuration default="false" name="Protector Debug with Docker Compose" type="Remote">
    <module name="fhir-vault-interceptor" />
    <option name="USE_SOCKET_TRANSPORT" value="true" />
    <option name="SERVER_MODE" value="false" />
    <option name="SHMEM_ADDRESS" />
    <option name="HOST" value="localhost" />
    <option name="PORT" value="9052" />
    <option name="AUTO_RESTART" value="false" />
    <RunnerSettings RunnerId="Debug">
      <option name="DEBUG_PORT" value="9052" />
      <option name="LOCAL" value="false" />
    </RunnerSettings>
    <method v="2" />
  </configuration>
</component>